,NDBI1
0,-0.11697413772344589
1,-0.15321417152881622
2,-0.17038771510124207
3,-0.22446881234645844
4,-0.22446881234645844
5,-0.19927622377872467
6,-0.13569313287734985
7,-0.12227657437324524
8,-0.12227657437324524
9,-0.13767166435718536
10,-0.15355555713176727
11,-0.1497727334499359
12,-0.1497727334499359
13,-0.10930867493152618
14,-0.10667287558317184
15,-0.09310241043567657
16,-0.09310241043567657
17,-0.10020875930786133
18,-0.11181271821260452
19,-0.17204329371452332
20,-0.17204329371452332
21,-0.20382460951805115
22,-0.14159736037254333
23,-0.12138856202363968
24,-0.12138856202363968
25,-0.08096973598003387
26,-0.07056555151939392
27,-0.06973262876272202
28,-0.06973262876272202
29,-0.07331805676221848
30,-0.10263163596391678
31,-0.11212970316410065
32,-0.11212970316410065
33,-0.09249144047498703
34,-0.10079823434352875
35,-0.1097775399684906
36,-0.1097775399684906
37,-0.10895156860351562
38,-0.1147632971405983
39,-0.1082964539527893
40,-0.1082964539527893
41,-0.10332812368869781
42,-0.10824321210384369
43,-0.12507511675357819
44,-0.15228554606437683
45,-0.15228554606437683
46,-0.17592449486255646
47,-0.14427106082439423
48,-0.07941921800374985
49,-0.07941921800374985
50,-0.07020129263401031
51,-0.09701947867870331
52,-0.10440211743116379
53,-0.10691584646701813
54,-0.10691584646701813
55,-0.14418074488639832
56,-0.18323135375976562
57,-0.2244434952735901
58,-0.2244434952735901
59,-0.21215224266052246
60,-0.16799195110797882
61,-0.18072164058685303
62,-0.18072164058685303
63,-0.13834336400032043
64,-0.1254197061061859
65,-0.12059211730957031
66,-0.12059211730957031
67,-0.09459789097309113
68,-0.10145875066518784
69,-0.1142692118883133
70,-0.1142692118883133
71,-0.09773148596286774
72,-0.09920015931129456
73,-0.12193547934293747
74,-0.12193547934293747
75,-0.13925302028656006
76,-0.11932724714279175
77,-0.09991762042045593
78,-0.09991762042045593
79,-0.09208627790212631
80,-0.07589229941368103
81,-0.08205807954072952
82,-0.08205807954072952
83,-0.08140858262777328
84,-0.11437014490365982
85,-0.1290765255689621
86,-0.1290765255689621
87,-0.11883647739887238
88,-0.10443077981472015
89,-0.09192167222499847
90,-0.09192167222499847
91,-0.10817958414554596
92,-0.12647825479507446
93,-0.12262272834777832
94,-0.12262272834777832
95,-0.1113094612956047
96,-0.1141219213604927
97,-0.12907573580741882
98,-0.12907573580741882
99,-0.15601059794425964
100,-0.14218966662883759
101,-0.1094399243593216
102,-0.1094399243593216
103,-0.09044522792100906
104,-0.0879846140742302
105,-0.11245487630367279
106,-0.08115985244512558
107,-0.10702068358659744
108,-0.10702068358659744
109,-0.1350492537021637
110,-0.12484017759561539
111,-0.14049160480499268
112,-0.14049160480499268
113,-0.1490245908498764
114,-0.1709543764591217
115,-0.18550515174865723
116,-0.18550515174865723
117,-0.15609659254550934
118,-0.11878452450037003
119,-0.12429367005825043
120,-0.12429367005825043
121,-0.12476692348718643
122,-0.2050890475511551
123,-0.17492753267288208
124,-0.17492753267288208
125,-0.07028394192457199
126,-0.0770784243941307
127,-0.08703252673149109
128,-0.08703252673149109
129,-0.12213785946369171
130,-0.169680655002594
131,-0.11440431326627731
132,-0.11440431326627731
133,-0.0635705292224884
134,-0.06558692455291748
135,-0.0867418721318245
136,-0.0867418721318245
137,-0.07058252394199371
138,-0.095079705119133
139,-0.1082158163189888
140,-0.1082158163189888
141,-0.11438518762588501
142,-0.09877407550811768
143,-0.116681307554245
144,-0.116681307554245
145,-0.13195329904556274
146,-0.13431012630462646
147,-0.14595000445842743
148,-0.14595000445842743
149,-0.14440712332725525
150,-0.1329546570777893
151,-0.13318860530853271
152,-0.13318860530853271
153,-0.12382499128580093
154,-0.12022402882575989
155,-0.11946240067481995
156,-0.11946240067481995
157,-0.11939560621976852
158,-0.11253641545772552
159,-0.07410590350627899
160,-0.06282000988721848
161,-0.09726481139659882
162,-0.09726481139659882
163,-0.11449525505304337
164,-0.1022021695971489
165,-0.09466533362865448
166,-0.09466533362865448
167,-0.10361649841070175
168,-0.14274093508720398
169,-0.1731065958738327
170,-0.1731065958738327
171,-0.22175593674182892
172,-0.1640433669090271
173,-0.1407357156276703
174,-0.1407357156276703
175,-0.23021014034748077
176,-0.25897011160850525
177,-0.20159320533275604
178,-0.20159320533275604
179,-0.13169559836387634
180,-0.13079795241355896
181,-0.137165367603302
182,-0.137165367603302
183,-0.23780126869678497
184,-0.2312105894088745
185,-0.11636185646057129
186,-0.11636185646057129
187,-0.11064530164003372
188,-0.12838977575302124
189,-0.10665071755647659
190,-0.10665071755647659
191,-0.08182871341705322
192,-0.08015404641628265
193,-0.09028759598731995
194,-0.09028759598731995
195,-0.09799731522798538
196,-0.08055655658245087
197,-0.08755429089069366
198,-0.08755429089069366
199,-0.10362700372934341
200,-0.09179522097110748
201,-0.10357782244682312
202,-0.10357782244682312
203,-0.1265133023262024
204,-0.12187676131725311
205,-0.11495091766119003
206,-0.11495091766119003
207,-0.11930736899375916
208,-0.1342523694038391
209,-0.14076261222362518
210,-0.14076261222362518
211,-0.1397661566734314
212,-0.0976433977484703
213,-0.03731090575456619
214,-0.05025508999824524
215,-0.05025508999824524
216,-0.09187787026166916
217,-0.08325104415416718
218,-0.06315118819475174
219,-0.06315118819475174
220,-0.06692685186862946
221,-0.08325587958097458
222,-0.1019420325756073
223,-0.1019420325756073
224,-0.14074257016181946
225,-0.2119041085243225
226,-0.16337843239307404
227,-0.16337843239307404
228,-0.1658334881067276
229,-0.26356902718544006
230,-0.29737329483032227
231,-0.2980683147907257
232,-0.2980683147907257
233,-0.2727935314178467
234,-0.2256508618593216
235,-0.23647406697273254
236,-0.23647406697273254
237,-0.23923902213573456
238,-0.21632146835327148
239,-0.13742712140083313
240,-0.13742712140083313
241,-0.11393576860427856
242,-0.10983528941869736
243,-0.10040302574634552
244,-0.10040302574634552
245,-0.08026095479726791
246,-0.08678698539733887
247,-0.10759955644607544
248,-0.10759955644607544
249,-0.10520804673433304
250,-0.07276197522878647
251,-0.0904279500246048
252,-0.0904279500246048
253,-0.07471196353435516
254,-0.08461502939462662
255,-0.11564818769693375
256,-0.11564818769693375
257,-0.13402993977069855
258,-0.1260976791381836
259,-0.13342133164405823
260,-0.13342133164405823
261,-0.1286914348602295
262,-0.14192064106464386
263,-0.1498970091342926
264,-0.1498970091342926
265,-0.14740686118602753
266,-0.09985353797674179
267,-0.05545717477798462
268,-0.046622343361377716
269,-0.046622343361377716
270,-0.04807288199663162
271,-0.04967297986149788
272,-0.05500659719109535
273,-0.05500659719109535
274,-0.0664224773645401
275,-0.07443738728761673
276,-0.08198333531618118
277,-0.08198333531618118
278,-0.10285084694623947
279,-0.17304208874702454
280,-0.13961078226566315
281,-0.13961078226566315
282,-0.2116807997226715
283,-0.26549291610717773
284,-0.300942063331604
285,-0.300942063331604
286,-0.31644299626350403
287,-0.3091607093811035
288,-0.30330193042755127
289,-0.30330193042755127
290,-0.28657466173171997
291,-0.24605046212673187
292,-0.23456907272338867
293,-0.23456907272338867
294,-0.14028695225715637
295,-0.11462356895208359
296,-0.10968653857707977
297,-0.10968653857707977
298,-0.09480293095111847
299,-0.07981884479522705
300,-0.08349531888961792
301,-0.09406588226556778
302,-0.09406588226556778
303,-0.08562155812978745
304,-0.09100233763456345
305,-0.09318912029266357
306,-0.09318912029266357
307,-0.09042234718799591
308,-0.1108311265707016
309,-0.12169753015041351
310,-0.12169753015041351
311,-0.11728721857070923
312,-0.12145081907510757
313,-0.10403191298246384
314,-0.10403191298246384
315,-0.093830905854702
316,-0.10689359158277512
317,-0.12939776480197906
318,-0.13064666092395782
319,-0.13064666092395782
320,-0.06457095593214035
321,-0.03539906442165375
322,-0.04226811230182648
323,-0.04226811230182648
324,-0.051935747265815735
325,-0.051983024924993515
326,-0.056773096323013306
327,-0.056773096323013306
328,-0.05747099965810776
329,-0.07104674726724625
330,-0.0761789083480835
331,-0.0761789083480835
332,-0.09694573283195496
333,-0.11188692599534988
334,-0.16185516119003296
335,-0.16185516119003296
336,-0.19262313842773438
337,-0.2118908017873764
338,-0.2600027918815613
339,-0.2600027918815613
340,-0.3137582540512085
341,-0.3335026204586029
342,-0.33068668842315674
343,-0.33068668842315674
344,-0.28081214427948
345,-0.23867331445217133
346,-0.22975388169288635
347,-0.22975388169288635
348,-0.12080605328083038
349,-0.1034773588180542
350,-0.0817749872803688
351,-0.0817749872803688
352,-0.07621049880981445
353,-0.07616983354091644
354,-0.07233445346355438
355,-0.07233445346355438
356,-0.09399016201496124
357,-0.08732179552316666
358,-0.09717913717031479
359,-0.09717913717031479
360,-0.10375885665416718
361,-0.12015555053949356
362,-0.10559900104999542
363,-0.10559900104999542
364,-0.10137977451086044
365,-0.11522111296653748
366,-0.1263239085674286
367,-0.1263239085674286
368,-0.11197391152381897
369,-0.118455670773983
370,-0.14505413174629211
371,-0.13856418430805206
372,-0.07052364945411682
373,-0.07052364945411682
374,-0.0503925196826458
375,-0.04236086085438728
376,-0.04409587383270264
377,-0.04409587383270264
378,-0.06961987167596817
379,-0.07348161935806274
380,-0.07338961213827133
381,-0.07338961213827133
382,-0.05238865688443184
383,-0.04965353384613991
384,-0.056886136531829834
385,-0.056886136531829834
386,-0.0662405788898468
387,-0.11176229268312454
388,-0.2039756178855896
389,-0.2039756178855896
390,-0.12181410938501358
391,-0.14509569108486176
392,-0.2364499419927597
393,-0.2364499419927597
394,-0.31311455368995667
395,-0.28273090720176697
396,-0.2175784856081009
397,-0.2175784856081009
398,-0.15006162226200104
399,-0.13937699794769287
400,-0.13087297976016998
401,-0.13087297976016998
402,-0.09851662069559097
403,-0.08916017413139343
404,-0.05697742849588394
405,-0.05697742849588394
406,-0.06362349539995193
407,-0.07827828824520111
408,-0.10368908941745758
409,-0.10368908941745758
410,-0.08539733290672302
411,-0.07930711656808853
412,-0.10280530154705048
413,-0.10280530154705048
414,-0.13336269557476044
415,-0.13383612036705017
416,-0.11430145055055618
417,-0.11430145055055618
418,-0.09581281989812851
419,-0.10807433724403381
420,-0.1241236999630928
421,-0.1241236999630928
422,-0.14124950766563416
423,-0.1341504603624344
424,-0.14204424619674683
425,-0.11678795516490936
426,-0.09729810804128647
427,-0.09729810804128647
428,-0.0669708177447319
429,-0.046436358243227005
430,-0.06252972036600113
431,-0.06252972036600113
432,-0.08829599618911743
433,-0.09371504932641983
434,-0.10138965398073196
435,-0.10138965398073196
436,-0.06533976644277573
437,-0.043915554881095886
438,-0.04384758323431015
439,-0.04384758323431015
440,-0.06144076958298683
441,-0.09445120394229889
442,-0.14725163578987122
443,-0.14725163578987122
444,-0.12493735551834106
445,-0.1853887438774109
446,-0.283586323261261
447,-0.283586323261261
448,-0.3037343919277191
449,-0.23516590893268585
450,-0.14177095890045166
451,-0.14177095890045166
452,-0.10320866107940674
453,-0.09874899685382843
454,-0.08798514306545258
455,-0.08798514306545258
456,-0.08430663496255875
457,-0.08798527717590332
458,-0.07044388353824615
459,-0.07044388353824615
460,-0.07926619797945023
461,-0.08570659160614014
462,-0.08078661561012268
463,-0.08078661561012268
464,-0.08279518038034439
465,-0.0995645821094513
466,-0.1184062585234642
467,-0.1184062585234642
468,-0.12014467269182205
469,-0.1015019565820694
470,-0.09417477250099182
471,-0.09417477250099182
472,-0.0855725035071373
473,-0.09344126284122467
474,-0.10198897123336792
475,-0.10198897123336792
476,-0.12017480283975601
477,-0.1363951563835144
478,-0.1296110302209854
479,-0.1008046567440033
480,-0.09551898390054703
481,-0.09551898390054703
482,-0.08326979726552963
483,-0.07446853816509247
484,-0.09139905124902725
485,-0.09139905124902725
486,-0.08890474587678909
487,-0.11708059906959534
488,-0.11341117322444916
489,-0.11341117322444916
490,-0.06006786972284317
491,-0.059234924614429474
492,-0.0590122751891613
493,-0.0590122751891613
494,-0.05633638799190521
495,-0.06947207450866699
496,-0.08926540613174438
497,-0.08926540613174438
498,-0.1307620108127594
499,-0.20709536969661713
500,-0.23903526365756989
501,-0.23903526365756989
502,-0.2519432008266449
503,-0.19462060928344727
504,-0.10175502300262451
505,-0.10175502300262451
506,-0.08476253598928452
507,-0.07810835540294647
508,-0.09276823699474335
509,-0.09276823699474335
510,-0.10837369412183762
511,-0.09475197643041611
512,-0.12631267309188843
513,-0.12631267309188843
514,-0.13483160734176636
515,-0.10523238033056259
516,-0.07342322915792465
517,-0.07342322915792465
518,-0.09645427763462067
519,-0.12208272516727448
520,-0.13043074309825897
521,-0.13043074309825897
522,-0.11756151169538498
523,-0.12331085652112961
524,-0.11257811635732651
525,-0.11257811635732651
526,-0.12221222370862961
527,-0.1203361451625824
528,-0.10315068811178207
529,-0.10315068811178207
530,-0.15256854891777039
531,-0.15786422789096832
532,-0.10321744531393051
533,-0.11481616646051407
534,-0.11481616646051407
535,-0.11994019150733948
536,-0.10962701588869095
537,-0.1108308658003807
538,-0.1108308658003807
539,-0.12292344123125076
540,-0.11153731495141983
541,-0.07328984141349792
542,-0.07328984141349792
543,-0.05079858750104904
544,-0.059187836945056915
545,-0.07037627696990967
546,-0.07037627696990967
547,-0.08862888813018799
548,-0.0946318656206131
549,-0.08823182433843613
550,-0.06763136386871338
551,-0.06763136386871338
552,-0.18356993794441223
553,-0.24500642716884613
554,-0.2521902024745941
555,-0.2521902024745941
556,-0.20596204698085785
557,-0.12141682207584381
558,-0.09612873941659927
559,-0.09612873941659927
560,-0.0830397829413414
561,-0.09333570301532745
562,-0.10116662830114365
563,-0.10116662830114365
564,-0.09570052474737167
565,-0.07598519325256348
566,-0.10754050314426422
567,-0.10754050314426422
568,-0.12224659323692322
569,-0.09566657990217209
570,-0.08619258552789688
571,-0.08619258552789688
572,-0.10832014679908752
573,-0.11655429750680923
574,-0.1081145852804184
575,-0.1081145852804184
576,-0.12114060670137405
577,-0.13587012887001038
578,-0.12270858138799667
579,-0.12270858138799667
580,-0.12430186569690704
581,-0.12170460820198059
582,-0.11149386316537857
583,-0.15486612915992737
584,-0.15486612915992737
585,-0.14768879115581512
586,-0.1571498066186905
587,-0.14038239419460297
588,-0.14038239419460297
589,-0.1381576955318451
590,-0.1459599733352661
591,-0.13531050086021423
592,-0.13531050086021423
593,-0.11197314411401749
594,-0.09802444279193878
595,-0.07496786117553711
596,-0.07496786117553711
597,-0.06862245500087738
598,-0.06720810383558273
599,-0.08028260618448257
600,-0.08028260618448257
601,-0.08487262576818466
602,-0.07749250531196594
603,-0.07785073667764664
604,-0.07785073667764664
605,-0.08706194907426834
606,-0.13950379192829132
607,-0.1827535778284073
608,-0.1827535778284073
609,-0.1421421617269516
610,-0.13769184052944183
611,-0.10944945365190506
612,-0.10944945365190506
613,-0.09320378303527832
614,-0.09830541908740997
615,-0.10955541580915451
616,-0.10955541580915451
617,-0.10138273239135742
618,-0.08697435259819031
619,-0.08184244483709335
620,-0.08184244483709335
621,-0.09589832276105881
622,-0.10818745940923691
623,-0.093715600669384
624,-0.093715600669384
625,-0.09563743323087692
626,-0.11141180992126465
627,-0.07239005714654922
628,-0.0724530890583992
629,-0.0724530890583992
630,-0.0912075862288475
631,-0.11077235639095306
632,-0.1183386966586113
633,-0.1183386966586113
634,-0.11567793041467667
635,-0.11858753859996796
636,-0.13268916308879852
637,-0.1274760663509369
638,-0.1274760663509369
639,-0.13262146711349487
640,-0.1345447599887848
641,-0.14424613118171692
642,-0.14424613118171692
643,-0.1263660341501236
644,-0.11206486821174622
645,-0.10946822166442871
646,-0.10946822166442871
647,-0.11185017228126526
648,-0.1344408243894577
649,-0.12679651379585266
650,-0.12679651379585266
651,-0.07479695975780487
652,-0.0552346333861351
653,-0.08151904493570328
654,-0.08151904493570328
655,-0.08455460518598557
656,-0.0811772346496582
657,-0.06978701055049896
658,-0.06978701055049896
659,-0.072960264980793
660,-0.10641802847385406
661,-0.1534561961889267
662,-0.1534561961889267
663,-0.1731436848640442
664,-0.17411251366138458
665,-0.1348189115524292
666,-0.1348189115524292
667,-0.1119476854801178
668,-0.10898484289646149
669,-0.1124720647931099
670,-0.1124720647931099
671,-0.10147130489349365
672,-0.09689855575561523
673,-0.10316930711269379
674,-0.10316930711269379
675,-0.10215210169553757
676,-0.09517437219619751
677,-0.08459335565567017
678,-0.08459335565567017
679,-0.09499718993902206
680,-0.0814199149608612
681,-0.08674028515815735
682,-0.08674028515815735
683,-0.07838688045740128
684,-0.08256294578313828
685,-0.1278936117887497
686,-0.1278936117887497
687,-0.1383560299873352
688,-0.12786859273910522
689,-0.16226577758789062
690,-0.11560562998056412
691,-0.13462045788764954
692,-0.13462045788764954
693,-0.15436053276062012
694,-0.14810620248317719
695,-0.14070945978164673
696,-0.14070945978164673
697,-0.12593086063861847
698,-0.11721523851156235
699,-0.10305671393871307
700,-0.10305671393871307
701,-0.09069261699914932
702,-0.12609010934829712
703,-0.11781201511621475
704,-0.11781201511621475
705,-0.04193060100078583
706,-0.047568611800670624
707,-0.06499342620372772
708,-0.06499342620372772
709,-0.06463374942541122
710,-0.047213152050971985
711,-0.033867474645376205
712,-0.033867474645376205
713,-0.03959786519408226
714,-0.10361810773611069
715,-0.14998193085193634
716,-0.14998193085193634
717,-0.14220842719078064
718,-0.1590106338262558
719,-0.15075606107711792
720,-0.15075606107711792
721,-0.12619908154010773
722,-0.12154322117567062
723,-0.09482932835817337
724,-0.09482932835817337
725,-0.08619812875986099
726,-0.108375683426857
727,-0.09023000299930573
728,-0.09023000299930573
729,-0.08716694265604019
730,-0.08378835767507553
731,-0.0840989351272583
732,-0.0840989351272583
733,-0.0938841849565506
734,-0.08592039346694946
735,-0.08999843895435333
736,-0.08999843895435333
737,-0.07444294542074203
738,-0.07988197356462479
739,-0.10321785509586334
740,-0.10321785509586334
741,-0.1299491971731186
742,-0.19524316489696503
743,-0.16759243607521057
744,-0.14046470820903778
745,-0.1388799250125885
746,-0.1388799250125885
747,-0.13426674902439117
748,-0.12907567620277405
749,-0.13517062366008759
750,-0.13517062366008759
751,-0.13893917202949524
752,-0.1237841472029686
753,-0.10826745629310608
754,-0.10826745629310608
755,-0.11026903986930847
756,-0.12976530194282532
757,-0.08629181236028671
758,-0.08629181236028671
759,-0.03815385326743126
760,-0.05432857573032379
761,-0.08025909215211868
762,-0.08025909215211868
763,-0.06915617734193802
764,-0.06610314548015594
765,-0.039036594331264496
766,-0.039036594331264496
767,-0.008544440381228924
768,-0.049715735018253326
769,-0.11047246307134628
770,-0.11047246307134628
771,-0.11060915887355804
772,-0.10992832481861115
773,-0.11917059123516083
774,-0.11917059123516083
775,-0.12062079459428787
776,-0.11482173204421997
777,-0.11363371461629868
778,-0.11363371461629868
779,-0.19943566620349884
780,-0.18076975643634796
781,-0.11087584495544434
782,-0.11087584495544434
783,-0.09926388412714005
784,-0.1021290048956871
785,-0.0993797704577446
786,-0.0993797704577446
787,-0.09332167357206345
788,-0.0836816281080246
789,-0.08446898311376572
790,-0.08446898311376572
791,-0.08591064810752869
792,-0.09265993535518646
793,-0.10594277828931808
794,-0.10594277828931808
795,-0.19287338852882385
796,-0.19398356974124908
797,-0.17604710161685944
798,-0.13899138569831848
799,-0.12043430656194687
800,-0.12043430656194687
801,-0.131391242146492
802,-0.13008256256580353
803,-0.12439128011465073
804,-0.12439128011465073
805,-0.12031131982803345
806,-0.10449258238077164
807,-0.08780255168676376
808,-0.08780255168676376
809,-0.07387381047010422
810,-0.09401537477970123
811,-0.08874586969614029
812,-0.08874586969614029
813,-0.07778746634721756
814,-0.11068009585142136
815,-0.1165369525551796
816,-0.1165369525551796
817,-0.08527063578367233
818,-0.05062039569020271
819,-0.018003426492214203
820,-0.018003426492214203
821,-0.002957771299406886
822,-0.03833373263478279
823,-0.09198883175849915
824,-0.09198883175849915
825,-0.09894362092018127
826,-0.10865100473165512
827,-0.11545754969120026
828,-0.11545754969120026
829,-0.11514396220445633
830,-0.10884112119674683
831,-0.1576317697763443
832,-0.1576317697763443
833,-0.18586649000644684
834,-0.12501093745231628
835,-0.11240672320127487
836,-0.11240672320127487
837,-0.10347137600183487
838,-0.08542237430810928
839,-0.08787833899259567
840,-0.08787833899259567
841,-0.08863390982151031
842,-0.078340545296669
843,-0.07561415433883667
844,-0.07561415433883667
845,-0.07380109280347824
846,-0.09327252209186554
847,-0.12396126240491867
848,-0.19549261033535004
849,-0.19549261033535004
850,-0.15711115300655365
851,-0.13936291635036469
852,-0.13255548477172852
853,-0.13255548477172852
854,-0.14599232375621796
855,-0.12625348567962646
856,-0.11174660176038742
857,-0.11174660176038742
858,-0.11888228356838226
859,-0.0999269112944603
860,-0.07606899738311768
861,-0.07606899738311768
862,-0.06660040467977524
863,-0.06356898695230484
864,-0.10328158736228943
865,-0.10328158736228943
866,-0.09484205394983292
867,-0.05932178720831871
868,-0.06081114709377289
869,-0.06081114709377289
870,-0.07805471867322922
871,-0.09770336002111435
872,-0.04154616594314575
873,-0.04154616594314575
874,-0.02335459552705288
875,-0.03444492444396019
876,-0.09075624495744705
877,-0.09075624495744705
878,-0.14461836218833923
879,-0.11764315515756607
880,-0.1092199832201004
881,-0.10303635150194168
882,-0.10303635150194168
883,-0.09934121370315552
884,-0.0920705571770668
885,-0.08665324747562408
886,-0.08665324747562408
887,-0.07650087028741837
888,-0.08621703833341599
889,-0.08080293238162994
890,-0.08080293238162994
891,-0.08520114421844482
892,-0.0894399881362915
893,-0.08303824812173843
894,-0.08303824812173843
895,-0.07076942175626755
896,-0.07055989652872086
897,-0.06238965317606926
898,-0.06238965317606926
899,-0.05314822494983673
900,-0.08358333259820938
901,-0.18525034189224243
902,-0.14966709911823273
903,-0.14966709911823273
904,-0.1382361650466919
905,-0.1475614458322525
906,-0.13609354197978973
907,-0.13609354197978973
908,-0.09185641258955002
909,-0.08321963250637054
910,-0.10356735438108444
911,-0.10356735438108444
912,-0.1177724301815033
913,-0.08748181909322739
914,-0.08579309284687042
915,-0.08579309284687042
916,-0.07193077355623245
917,-0.08252383023500443
918,-0.10209421068429947
919,-0.10209421068429947
920,-0.07089624553918839
921,-0.038349699229002
922,-0.033730313181877136
923,-0.033730313181877136
924,-0.07337451726198196
925,-0.0783027708530426
926,-0.022410787642002106
927,-0.022410787642002106
928,-0.012283270247280598
929,0.0008501894772052765
930,-0.04843604192137718
931,-0.04843604192137718
932,-0.12215489894151688
933,-0.1212371215224266
934,-0.11829034984111786
935,-0.11829034984111786
936,-0.10203905403614044
937,-0.09013154357671738
938,-0.08425486832857132
939,-0.08425486832857132
940,-0.08110420405864716
941,-0.08022254705429077
942,-0.07107702642679214
943,-0.07107702642679214
944,-0.08646583557128906
945,-0.09644915163516998
946,-0.08614812791347504
947,-0.08614812791347504
948,-0.0857638418674469
949,-0.07989275455474854
950,-0.0810396820306778
951,-0.0810396820306778
952,-0.07317077368497849
953,-0.06690921634435654
954,-0.1758929044008255
955,-0.15717145800590515
956,-0.13989585638046265
957,-0.13989585638046265
958,-0.13987144827842712
959,-0.17437335848808289
960,-0.1552610695362091
961,-0.1552610695362091
962,-0.10900626331567764
963,-0.09904089570045471
964,-0.12254917621612549
965,-0.12254917621612549
966,-0.131892591714859
967,-0.13613079488277435
968,-0.11719409376382828
969,-0.11719409376382828
970,-0.11728078126907349
971,-0.1187213584780693
972,-0.10990224033594131
973,-0.10990224033594131
974,-0.06659797579050064
975,-0.024470975622534752
976,-0.023229343816637993
977,-0.023229343816637993
978,-0.04842710867524147
979,-0.049316249787807465
980,-0.010724175721406937
981,-0.010724175721406937
982,-0.0016599756199866533
983,0.0012603638460859656
984,-0.020621199160814285
985,-0.020621199160814285
986,-0.05557128041982651
987,-0.08419690281152725
988,-0.08371850103139877
989,-0.08371850103139877
990,-0.07912323623895645
991,-0.07538224011659622
992,-0.07914228737354279
993,-0.07914228737354279
994,-0.07495559751987457
995,-0.07183980941772461
996,-0.07331283390522003
997,-0.07331283390522003
998,-0.07591519504785538
999,-0.090282142162323
1000,-0.11343132704496384
1001,-0.11343132704496384
1002,-0.12471220642328262
1003,-0.10005025565624237
1004,-0.10102732479572296
1005,-0.10102732479572296
1006,-0.09435676783323288
1007,-0.1478717029094696
1008,-0.14575892686843872
1009,-0.1382390707731247
1010,-0.12536612153053284
1011,-0.12536612153053284
1012,-0.1303531378507614
1013,-0.15500397980213165
1014,-0.1312982439994812
1015,-0.1312982439994812
1016,-0.10726902633905411
1017,-0.12276998162269592
1018,-0.1093401312828064
1019,-0.1093401312828064
1020,-0.10776679962873459
1021,-0.12605084478855133
1022,-0.11297254264354706
1023,-0.11297254264354706
1024,-0.099385105073452
1025,-0.08924301713705063
1026,-0.07622486352920532
1027,-0.07622486352920532
1028,-0.05982651561498642
1029,-0.04047650843858719
1030,-0.030492249876260757
1031,-0.030492249876260757
1032,-0.026816850528120995
1033,-0.04283888638019562
1034,-0.04184004291892052
1035,-0.04184004291892052
1036,-0.0487198568880558
1037,-0.03832370042800903
1038,-0.02683039754629135
1039,-0.02683039754629135
1040,-0.009160211309790611
1041,-0.013545459136366844
1042,-0.02340632677078247
1043,-0.02340632677078247
1044,-0.04347149282693863
1045,-0.06499291211366653
1046,-0.07086427509784698
1047,-0.07086427509784698
1048,-0.06923294067382812
1049,-0.08874746412038803
1050,-0.08359503746032715
1051,-0.08359503746032715
1052,-0.08303132653236389
1053,-0.12181083858013153
1054,-0.14708730578422546
1055,-0.14708730578422546
1056,-0.11105749756097794
1057,-0.1113133355975151
1058,-0.09697359055280685
1059,-0.09697359055280685
1060,-0.1224631816148758
1061,-0.1224631816148758
1062,-0.12751036882400513
1063,-0.13028913736343384
1064,-0.13544972240924835
1065,-0.13544972240924835
1066,-0.14872120320796967
1067,-0.1623244732618332
1068,-0.12894244492053986
1069,-0.12894244492053986
1070,-0.10250857472419739
1071,-0.1008179634809494
1072,-0.11614059656858444
1073,-0.11614059656858444
1074,-0.09002523124217987
1075,-0.0908493846654892
1076,-0.06193770468235016
1077,-0.06193770468235016
1078,-0.044276297092437744
1079,-0.07307423651218414
1080,-0.05111991614103317
1081,-0.05111991614103317
1082,-0.01959213614463806
1083,-0.035286933183670044
1084,-0.05185699462890625
1085,-0.05185699462890625
1086,-0.0674787387251854
1087,-0.07055477052927017
1088,-0.04077250882983208
1089,-0.04077250882983208
1090,-0.04603622481226921
1091,-0.05243076756596565
1092,-0.03588727489113808
1093,-0.03588727489113808
1094,-0.018168101087212563
1095,-0.00760080199688673
1096,-0.020496448501944542
1097,-0.020496448501944542
1098,-0.04011660814285278
1099,-0.06648590415716171
1100,-0.0666472315788269
1101,-0.0666472315788269
1102,-0.08631405979394913
1103,-0.09053743630647659
1104,-0.0901612862944603
1105,-0.0901612862944603
1106,-0.11427491158246994
1107,-0.14614011347293854
1108,-0.11908141523599625
1109,-0.11908141523599625
1110,-0.10109958052635193
1111,-0.10749058425426483
1112,-0.10040585696697235
1113,-0.12405683845281601
1114,-0.12405683845281601
1115,-0.15135276317596436
1116,-0.14983168244361877
1117,-0.15517082810401917
1118,-0.15517082810401917
1119,-0.1562442034482956
1120,-0.17786364257335663
1121,-0.18112878501415253
1122,-0.18112878501415253
1123,-0.13113050162792206
1124,-0.1301218420267105
1125,-0.11583869159221649
1126,-0.1254245936870575
1127,-0.1254245936870575
1128,-0.09277329593896866
1129,-0.04318204149603844
1130,-0.034284647554159164
1131,-0.034284647554159164
1132,-0.03289596736431122
1133,-0.07183799892663956
1134,-0.05611204355955124
1135,-0.05611204355955124
1136,-0.049443379044532776
1137,-0.06980355829000473
1138,-0.08569324761629105
1139,-0.08569324761629105
1140,-0.06888988614082336
1141,-0.05964364856481552
1142,-0.04928511381149292
1143,-0.04928511381149292
1144,-0.050090543925762177
1145,-0.07426219433546066
1146,-0.043280020356178284
1147,-0.043280020356178284
1148,-0.018626734614372253
1149,-0.01808996871113777
1150,-0.028739048168063164
1151,-0.028739048168063164
1152,-0.03210047259926796
1153,-0.05141181871294975
1154,-0.06837644428014755
1155,-0.06837644428014755
1156,-0.06961828470230103
1157,-0.08482175320386887
1158,-0.10729572176933289
1159,-0.10729572176933289
1160,-0.11352051049470901
1161,-0.13406947255134583
1162,-0.1127057746052742
1163,-0.1127057746052742
1164,-0.10779878497123718
1165,-0.10494693368673325
1166,-0.13817545771598816
1167,-0.1616130769252777
1168,-0.1616130769252777
1169,-0.14868618547916412
1170,-0.1512143909931183
1171,-0.15600699186325073
1172,-0.15600699186325073
1173,-0.16290682554244995
1174,-0.16702398657798767
1175,-0.13718107342720032
1176,-0.13718107342720032
1177,-0.10975032299757004
1178,-0.1279974728822708
1179,-0.1004742681980133
1180,-0.1004742681980133
1181,-0.08250728249549866
1182,-0.028642717748880386
1183,-0.016811205074191093
1184,-0.016811205074191093
1185,-0.011059951037168503
1186,-0.022374892607331276
1187,-0.04749882593750954
1188,-0.04749882593750954
1189,-0.05344221368432045
1190,-0.08390167355537415
1191,-0.07636501640081406
1192,-0.07636501640081406
1193,-0.05749265477061272
1194,-0.06461762636899948
1195,-0.049795880913734436
1196,-0.049795880913734436
1197,-0.04044906049966812
1198,-0.051973678171634674
1199,-0.052645616233348846
1200,-0.052645616233348846
1201,-0.030332963913679123
1202,-0.026298388838768005
1203,-0.019650224596261978
1204,-0.019650224596261978
1205,-0.01351528987288475
1206,-0.018154321238398552
1207,-0.03407416492700577
1208,-0.03407416492700577
1209,-0.04689059406518936
1210,-0.07376202195882797
1211,-0.11244762688875198
1212,-0.11244762688875198
1213,-0.13166937232017517
1214,-0.1088978499174118
1215,-0.09506718069314957
1216,-0.09506718069314957
1217,-0.0909433364868164
1218,-0.10891379415988922
1219,-0.0976407453417778
1220,-0.1466996967792511
1221,-0.14924383163452148
1222,-0.14924383163452148
1223,-0.15342234075069427
1224,-0.16829130053520203
1225,-0.18274350464344025
1226,-0.18274350464344025
1227,-0.16731679439544678
1228,-0.15532951056957245
1229,-0.12353449314832687
1230,-0.12353449314832687
1231,-0.11908416450023651
1232,-0.11372850090265274
1233,-0.08109206706285477
1234,-0.08109206706285477
1235,-0.08981950581073761
1236,-0.13956031203269958
1237,-0.10295325517654419
1238,-0.10295325517654419
1239,-0.037645235657691956
1240,-0.044493332505226135
1241,-0.05564456433057785
1242,-0.05564456433057785
1243,-0.07188655436038971
1244,-0.0656547024846077
1245,-0.029235703870654106
1246,-0.029235703870654106
1247,-0.007558776065707207
1248,-0.001035449211485684
1249,-0.011477791704237461
1250,-0.011477791704237461
1251,-0.009542405605316162
1252,-0.022570043802261353
1253,-0.02388414926826954
1254,-0.02388414926826954
1255,-0.020953187718987465
1256,-0.022395122796297073
1257,-0.012921655550599098
1258,-0.012921655550599098
1259,-0.018025878816843033
1260,-0.035118039697408676
1261,-0.057303860783576965
1262,-0.057303860783576965
1263,-0.042029209434986115
1264,-0.08181130886077881
1265,-0.11290541291236877
1266,-0.11290541291236877
1267,-0.10680096596479416
1268,-0.08038659393787384
1269,-0.09634149819612503
1270,-0.09634149819612503
1271,-0.11194520443677902
1272,-0.14739656448364258
1273,-0.15627671778202057
1274,-0.15219078958034515
1275,-0.14131158590316772
1276,-0.14131158590316772
1277,-0.13968506455421448
1278,-0.15464220941066742
1279,-0.1843045949935913
1280,-0.1843045949935913
1281,-0.17503605782985687
1282,-0.1567985862493515
1283,-0.13136766850948334
1284,-0.13136766850948334
1285,-0.11363095045089722
1286,-0.06442693620920181
1287,-0.06773155182600021
1288,-0.06773155182600021
1289,-0.08254178613424301
1290,-0.1021561250090599
1291,-0.07455244660377502
1292,-0.07455244660377502
1293,-0.06381355226039886
1294,-0.06179191172122955
1295,-0.0550389364361763
1296,-0.0550389364361763
1297,-0.04900868237018585
1298,-0.032696593552827835
1299,-0.038895245641469955
1300,-0.038895245641469955
1301,-0.013742302544414997
1302,-0.011155197396874428
1303,-0.02054053172469139
1304,-0.02054053172469139
1305,0.0007316688424907625
1306,-0.014893967658281326
1307,-0.017205966636538506
1308,-0.017205966636538506
1309,-0.014513596892356873
1310,-0.010501038283109665
1311,-0.017230428755283356
1312,-0.017230428755283356
1313,-0.046575877815485
1314,-0.13888777792453766
1315,-0.12040732055902481
1316,-0.12040732055902481
1317,-0.08167897909879684
1318,-0.10204028338193893
1319,-0.1219870001077652
1320,-0.1219870001077652
1321,-0.11362139880657196
1322,-0.11002886295318604
1323,-0.12451043725013733
1324,-0.12451043725013733
1325,-0.15173225104808807
1326,-0.15173225104808807
1327,-0.14888368546962738
1328,-0.12487474828958511
1329,-0.11110107600688934
1330,-0.11110107600688934
1331,-0.0988161563873291
1332,-0.14343900978565216
1333,-0.16010494530200958
1334,-0.16010494530200958
1335,-0.13952991366386414
1336,-0.11546564102172852
1337,-0.08230050653219223
1338,-0.08230050653219223
1339,-0.052711911499500275
1340,-0.04614581912755966
1341,-0.06689108163118362
1342,-0.06689108163118362
1343,-0.10645554959774017
1344,-0.12278735637664795
1345,-0.10043889284133911
1346,-0.10043889284133911
1347,-0.07371053844690323
1348,-0.06220972165465355
1349,-0.054605379700660706
1350,-0.054605379700660706
1351,-0.04049668461084366
1352,-0.0491701103746891
1353,-0.045458581298589706
1354,-0.045458581298589706
1355,-0.050986140966415405
1356,-0.0635572075843811
1357,-0.04631686583161354
1358,-0.04631686583161354
1359,-0.02177606336772442
1360,-0.015343543142080307
1361,-0.0072316196747124195
1362,-0.0072316196747124195
1363,-0.019895555451512337
1364,-0.024785751476883888
1365,-0.041129715740680695
1366,-0.041129715740680695
1367,-0.09874448925256729
1368,-0.13489311933517456
1369,-0.10902184993028641
1370,-0.10902184993028641
1371,-0.13021469116210938
1372,-0.13699652254581451
1373,-0.132260262966156
1374,-0.132260262966156
1375,-0.1241941899061203
1376,-0.11673836410045624
1377,-0.127961665391922
1378,-0.1282554417848587
1379,-0.146641343832016
1380,-0.146641343832016
1381,-0.12719224393367767
1382,-0.0989089235663414
1383,-0.10997544229030609
1384,-0.10997544229030609
1385,-0.12798915803432465
1386,-0.14590176939964294
1387,-0.1311981976032257
1388,-0.1311981976032257
1389,-0.14375656843185425
1390,-0.10338785499334335
1391,-0.04464259743690491
1392,-0.04464259743690491
1393,-0.029809363186359406
1394,-0.0891677737236023
1395,-0.1342296451330185
1396,-0.1342296451330185
1397,-0.1298055797815323
1398,-0.12078991532325745
1399,-0.12301141768693924
1400,-0.12301141768693924
1401,-0.11002799868583679
1402,-0.06399530172348022
1403,-0.058088794350624084
1404,-0.058088794350624084
1405,-0.05075519531965256
1406,-0.04145790636539459
1407,-0.04566327482461929
1408,-0.04566327482461929
1409,-0.04747417941689491
1410,-0.04718280956149101
1411,-0.03596697002649307
1412,-0.03596697002649307
1413,-0.015163280069828033
1414,-0.020597469061613083
1415,-0.04402678832411766
1416,-0.04402678832411766
1417,-0.04803978651762009
1418,-0.051541026681661606
1419,-0.08030901849269867
1420,-0.08030901849269867
1421,-0.09407749027013779
1422,-0.08466272801160812
1423,-0.11770421266555786
1424,-0.11770421266555786
1425,-0.13846242427825928
1426,-0.12856528162956238
1427,-0.12855395674705505
1428,-0.12855395674705505
1429,-0.13247111439704895
1430,-0.1400587260723114
1431,-0.09717187285423279
1432,-0.12291371822357178
1433,-0.12291371822357178
1434,-0.10226254910230637
1435,-0.10277173668146133
1436,-0.11819273233413696
1437,-0.11819273233413696
1438,-0.13368968665599823
1439,-0.15817061066627502
1440,-0.12592999637126923
1441,-0.12592999637126923
1442,-0.09494249522686005
1443,-0.09725341945886612
1444,-0.049003563821315765
1445,-0.049003563821315765
1446,-0.039497729390859604
1447,-0.07204003632068634
1448,-0.12306620925664902
1449,-0.12306620925664902
1450,-0.12482890486717224
1451,-0.13181258738040924
1452,-0.14208273589611053
1453,-0.14208273589611053
1454,-0.13107489049434662
1455,-0.07779231667518616
1456,-0.060399897396564484
1457,-0.060399897396564484
1458,-0.07414079457521439
1459,-0.0532810315489769
1460,-0.05859643220901489
1461,-0.05859643220901489
1462,-0.04537249729037285
1463,-0.032191354781389236
1464,-0.029650570824742317
1465,-0.029650570824742317
1466,-0.03654596582055092
1467,-0.04002871736884117
1468,-0.05674680694937706
1469,-0.05674680694937706
1470,-0.05417582765221596
1471,-0.051073748618364334
1472,-0.07191363722085953
1473,-0.07191363722085953
1474,-0.10053802281618118
1475,-0.10022954642772675
1476,-0.07328079640865326
1477,-0.07328079640865326
1478,-0.08671701699495316
1479,-0.11163678020238876
1480,-0.13851118087768555
1481,-0.12881094217300415
1482,-0.12881094217300415
1483,-0.12751516699790955
1484,-0.044061340391635895
1485,-0.104279525578022
1486,-0.13098518550395966
1487,-0.13098518550395966
1488,-0.12299401313066483
1489,-0.153679758310318
1490,-0.14506259560585022
1491,-0.14506259560585022
1492,-0.11892115324735641
1493,-0.13548803329467773
1494,-0.08458565920591354
1495,-0.08458565920591354
1496,-0.0598873645067215
1497,-0.053030140697956085
1498,-0.039287690073251724
1499,-0.039287690073251724
1500,-0.041613928973674774
1501,-0.07558570802211761
1502,-0.0967002585530281
1503,-0.0967002585530281
1504,-0.09741107374429703
1505,-0.10179497301578522
1506,-0.09092067927122116
1507,-0.09092067927122116
1508,-0.08033479750156403
1509,-0.08412116020917892
1510,-0.0712251365184784
1511,-0.0712251365184784
1512,-0.059658147394657135
1513,-0.06379345059394836
1514,-0.0630323737859726
1515,-0.0630323737859726
1516,-0.030690807849168777
1517,-0.007624675985425711
1518,-0.016290714964270592
1519,-0.016290714964270592
1520,-0.04346209391951561
1521,-0.07414262741804123
1522,-0.053591541945934296
1523,-0.053591541945934296
1524,-0.04243654012680054
1525,-0.048340752720832825
1526,-0.09064949303865433
1527,-0.09064949303865433
1528,-0.09749844670295715
1529,-0.09735117107629776
1530,-0.07118585705757141
1531,-0.07118585705757141
1532,-0.0845702588558197
1533,-0.11765497177839279
1534,-0.1305486559867859
1535,-0.1305486559867859
1536,-0.12585033476352692
1537,0.04230724647641182
1538,-0.014400008134543896
1539,-0.10710150748491287
1540,-0.14424850046634674
1541,-0.14424850046634674
1542,-0.1542828381061554
1543,-0.17362350225448608
1544,-0.16078625619411469
1545,-0.16078625619411469
1546,-0.0892871841788292
1547,-0.06386025249958038
1548,-0.05883200094103813
1549,-0.05883200094103813
1550,-0.046224575489759445
1551,-0.04122079908847809
1552,-0.029655838385224342
1553,-0.029655838385224342
1554,-0.02929385006427765
1555,-0.05097668617963791
1556,-0.07108505815267563
1557,-0.07108505815267563
1558,-0.06863097101449966
1559,-0.07092338800430298
1560,-0.061373040080070496
1561,-0.061373040080070496
1562,-0.10459461808204651
1563,-0.11293893307447433
1564,-0.12331071496009827
1565,-0.12331071496009827
1566,-0.11707784235477448
1567,-0.09954863786697388
1568,-0.11936292797327042
1569,-0.11936292797327042
1570,-0.09426011145114899
1571,-0.10456663370132446
1572,-0.05638940632343292
1573,-0.05638940632343292
1574,-0.04045751318335533
1575,-0.042671751230955124
1576,-0.038439199328422546
1577,-0.038439199328422546
1578,-0.03359511122107506
1579,-0.07705824077129364
1580,-0.09879500418901443
1581,-0.09879500418901443
1582,-0.1089760884642601
1583,-0.10512437671422958
1584,-0.06776168942451477
1585,-0.06776168942451477
1586,-0.07734479010105133
1587,-0.12285539507865906
1588,-0.12289252132177353
1589,-0.12289252132177353
1590,0.00571404630318284
1591,0.00571404630318284
1592,-0.08435627073049545
1593,-0.13421888649463654
1594,-0.14687307178974152
1595,-0.14687307178974152
1596,-0.16353963315486908
1597,-0.15388073027133942
1598,-0.10859574377536774
1599,-0.10859574377536774
1600,-0.08770573884248734
1601,-0.10077381879091263
1602,-0.07671535760164261
1603,-0.07671535760164261
1604,-0.05726395547389984
1605,-0.027831850573420525
1606,-0.02038787491619587
1607,-0.02038787491619587
1608,-0.029935220256447792
1609,-0.03110090270638466
1610,-0.036596398800611496
1611,-0.036596398800611496
1612,-0.051350563764572144
1613,-0.03643762320280075
1614,-0.049567531794309616
1615,-0.049567531794309616
1616,-0.08022440969944
1617,-0.13251540064811707
1618,-0.15452203154563904
1619,-0.15452203154563904
1620,-0.12876324355602264
1621,-0.14026705920696259
1622,-0.11575644463300705
1623,-0.11575644463300705
1624,-0.09106090664863586
1625,-0.07068275660276413
1626,-0.05577980726957321
1627,-0.05577980726957321
1628,-0.05886475369334221
1629,-0.07262971997261047
1630,-0.04278033599257469
1631,-0.04278033599257469
1632,-0.017773758620023727
1633,-0.012711341492831707
1634,-0.01530371606349945
1635,-0.01530371606349945
1636,-0.044588591903448105
1637,-0.09439078718423843
1638,-0.09292065352201462
1639,-0.09292065352201462
1640,-0.10504845529794693
1641,-0.14431342482566833
1642,-0.14107102155685425
1643,0.0030563294421881437
1644,-0.09445834904909134
1645,-0.09445834904909134
1646,-0.13893337547779083
1647,-0.1402101218700409
1648,-0.15894976258277893
1649,-0.15894976258277893
1650,-0.15969055891036987
1651,-0.1381751447916031
1652,-0.13394112884998322
1653,-0.13394112884998322
1654,-0.1566753089427948
1655,-0.13256238400936127
1656,-0.09631244838237762
1657,-0.09631244838237762
1658,-0.05077126622200012
1659,-0.022999871522188187
1660,-0.022313451394438744
1661,-0.022313451394438744
1662,-0.026042697951197624
1663,-0.02260713092982769
1664,-0.028126578778028488
1665,-0.028126578778028488
1666,-0.04911481961607933
1667,-0.05007912218570709
1668,-0.06676361709833145
1669,-0.06676361709833145
1670,-0.09662371128797531
1671,-0.13503102958202362
1672,-0.12382051348686218
1673,-0.12382051348686218
1674,-0.08868823945522308
1675,-0.09647643566131592
1676,-0.09827308356761932
1677,-0.09827308356761932
1678,-0.08236748725175858
1679,-0.057557251304388046
1680,-0.06670320779085159
1681,-0.06670320779085159
1682,-0.06979221850633621
1683,-0.051930610090494156
1684,-0.06893961876630783
1685,-0.06893961876630783
1686,-0.08815526962280273
1687,-0.08495153486728668
1688,-0.09317376464605331
1689,-0.09317376464605331
1690,-0.0818234384059906
1691,-0.12303460389375687
1692,-0.10662493854761124
1693,-0.10662493854761124
1694,-0.07485730946063995
1695,-0.10952796041965485
1696,-0.02234289050102234
1697,-0.10448373854160309
1698,-0.15141625702381134
1699,-0.15141625702381134
1700,-0.14603398740291595
1701,-0.1432216912508011
1702,-0.15875263512134552
1703,-0.15875263512134552
1704,-0.15374600887298584
1705,-0.12602253258228302
1706,-0.14327102899551392
1707,-0.14327102899551392
1708,-0.12368391454219818
1709,-0.09190551936626434
1710,-0.052516527473926544
1711,-0.052516527473926544
1712,-0.027938269078731537
1713,-0.038476888090372086
1714,-0.05392087996006012
1715,-0.05392087996006012
1716,-0.04306457191705704
1717,-0.02813364565372467
1718,-0.034178540110588074
1719,-0.034178540110588074
1720,-0.028421206399798393
1721,-0.059125952422618866
1722,-0.08360647410154343
1723,-0.08360647410154343
1724,-0.08110363036394119
1725,-0.09161940962076187
1726,-0.07259546965360641
1727,-0.07259546965360641
1728,-0.06792426109313965
1729,-0.07032360136508942
1730,-0.06678571552038193
1731,-0.06678571552038193
1732,-0.10570929944515228
1733,-0.09393441677093506
1734,-0.08330075442790985
1735,-0.08330075442790985
1736,-0.09486962854862213
1737,-0.08963362872600555
1738,-0.11808144301176071
1739,-0.11808144301176071
1740,-0.09921606630086899
1741,-0.08932358026504517
1742,-0.08869199454784393
1743,-0.08869199454784393
1744,-0.10960231721401215
1745,-0.1439133584499359
1746,-0.10021807253360748
1747,-0.10021807253360748
1748,-0.029054831713438034
1749,-0.11581698805093765
1750,-0.11019186675548553
1751,-0.1415722370147705
1752,-0.1415722370147705
1753,-0.14901165664196014
1754,-0.15294206142425537
1755,-0.15106599032878876
1756,-0.15106599032878876
1757,-0.15298894047737122
1758,-0.1377153843641281
1759,-0.13200649619102478
1760,-0.13200649619102478
1761,-0.1348889321088791
1762,-0.1027369424700737
1763,-0.07355747371912003
1764,-0.07355747371912003
1765,-0.04025658592581749
1766,-0.03292996436357498
1767,-0.020606311038136482
1768,-0.020606311038136482
1769,-0.0341310016810894
1770,-0.03675777465105057
1771,-0.03321022167801857
1772,-0.03321022167801857
1773,-0.02672913856804371
1774,-0.030387192964553833
1775,-0.04325130581855774
1776,-0.04325130581855774
1777,-0.04429590329527855
1778,-0.06483238190412521
1779,-0.09006445854902267
1780,-0.09006445854902267
1781,-0.05204265937209129
1782,-0.07763742655515671
1783,-0.08890748023986816
1784,-0.08890748023986816
1785,-0.08679526299238205
1786,-0.10751191526651382
1787,-0.09517454355955124
1788,-0.09517454355955124
1789,-0.08998740464448929
1790,-0.1205284595489502
1791,-0.11556056141853333
1792,-0.11556056141853333
1793,-0.10529843717813492
1794,-0.077484630048275
1795,-0.083627849817276
1796,-0.083627849817276
1797,-0.12222602963447571
1798,-0.13369306921958923
1799,-0.1302810162305832
1800,-0.1302810162305832
1801,-0.10872771590948105
1802,-0.179841548204422
1803,-0.16842782497406006
1804,-0.1269894391298294
1805,-0.12872332334518433
1806,-0.12872332334518433
1807,-0.1368165761232376
1808,-0.14497710764408112
1809,-0.14533238112926483
1810,-0.14533238112926483
1811,-0.16785839200019836
1812,-0.14361236989498138
1813,-0.13001854717731476
1814,-0.13001854717731476
1815,-0.11831638962030411
1816,-0.09356513619422913
1817,-0.05553383007645607
1818,-0.05553383007645607
1819,-0.04380346089601517
1820,-0.019243424758315086
1821,-0.034424614161252975
1822,-0.034424614161252975
1823,-0.06532508879899979
1824,-0.05965765565633774
1825,-0.052823442965745926
1826,-0.052823442965745926
1827,-0.05026068910956383
1828,-0.05452245846390724
1829,-0.04738669469952583
1830,-0.04738669469952583
1831,-0.04291783645749092
1832,-0.07386350631713867
1833,-0.0805043950676918
1834,-0.0805043950676918
1835,-0.10973233729600906
1836,-0.1784176230430603
1837,-0.09316983819007874
1838,-0.09316983819007874
1839,-0.10620560497045517
1840,-0.11025682836771011
1841,-0.09913888573646545
1842,-0.09913888573646545
1843,-0.1257926970720291
1844,-0.1328059434890747
1845,-0.0698336809873581
1846,-0.0698336809873581
1847,-0.07676439732313156
1848,-0.11172736436128616
1849,-0.11978206783533096
1850,-0.11978206783533096
1851,-0.13532154262065887
1852,-0.15782658755779266
1853,-0.1545882523059845
1854,-0.1545882523059845
1855,-0.04682568088173866
1856,-0.04682568088173866
1857,-0.05051253363490105
1858,-0.09501826763153076
1859,-0.10136541724205017
1860,-0.10136541724205017
1861,-0.10936985164880753
1862,-0.11946940422058105
1863,-0.12082049250602722
1864,-0.12082049250602722
1865,-0.12579089403152466
1866,-0.08722254633903503
1867,-0.07472524791955948
1868,-0.07472524791955948
1869,-0.08162577450275421
1870,-0.07222409546375275
1871,-0.07300161570310593
1872,-0.07300161570310593
1873,-0.06295294314622879
1874,-0.05558481812477112
1875,-0.07156365364789963
1876,-0.07156365364789963
1877,-0.09465929865837097
1878,-0.08979687094688416
1879,-0.06670797616243362
1880,-0.06670797616243362
1881,-0.019374987110495567
1882,-0.0055594970472157
1883,-0.027780676260590553
1884,-0.027780676260590553
1885,-0.05545175075531006
1886,-0.056536152958869934
1887,-0.06772174686193466
1888,-0.06772174686193466
1889,-0.0987401157617569
1890,-0.0885908305644989
1891,-0.08935250341892242
1892,-0.08935250341892242
1893,-0.09960083663463593
1894,-0.10538047552108765
1895,-0.10480621457099915
1896,-0.10480621457099915
1897,-0.11595594882965088
1898,-0.12453970313072205
1899,-0.11973685771226883
1900,-0.11973685771226883
1901,-0.1290331333875656
1902,-0.13210725784301758
1903,-0.12186276912689209
1904,-0.12186276912689209
1905,-0.1552577167749405
1906,-0.15475444495677948
1907,-0.1331920176744461
1908,0.04516065493226051
1909,0.024035613983869553
1910,0.024035613983869553
1911,-0.051659513264894485
1912,-0.13117215037345886
1913,-0.13468626141548157
1914,-0.13468626141548157
1915,-0.12400995939970016
1916,-0.10446983575820923
1917,-0.08434805274009705
1918,-0.08434805274009705
1919,-0.08053217083215714
1920,-0.11524124443531036
1921,-0.11965438723564148
1922,-0.11965438723564148
1923,-0.11542826145887375
1924,-0.0937524288892746
1925,-0.05857795849442482
1926,-0.05857795849442482
1927,-0.07189545035362244
1928,-0.0817650631070137
1929,-0.07735078036785126
1930,-0.07735078036785126
1931,-0.0535433404147625
1932,-0.04751910641789436
1933,-0.012913714163005352
1934,-0.012913714163005352
1935,-0.0043902769684791565
1936,-0.033708952367305756
1937,-0.07573004812002182
1938,-0.07573004812002182
1939,-0.08226916193962097
1940,-0.07766988128423691
1941,-0.06366311013698578
1942,-0.06366311013698578
1943,-0.06835570186376572
1944,-0.061894699931144714
1945,-0.07241573184728622
1946,-0.07241573184728622
1947,-0.07556717842817307
1948,-0.07694383710622787
1949,-0.08022776246070862
1950,-0.08022776246070862
1951,-0.10955235362052917
1952,-0.14108999073505402
1953,-0.10418090224266052
1954,-0.10418090224266052
1955,-0.11044196039438248
1956,-0.1335306167602539
1957,-0.15847726166248322
1958,-0.15847726166248322
1959,-0.1736459583044052
1960,-0.15358823537826538
1961,0.0236998051404953
1962,0.03093671426177025
1963,-0.025260528549551964
1964,-0.025260528549551964
1965,-0.09611044079065323
1966,-0.12469277530908585
1967,-0.1383766084909439
1968,-0.1383766084909439
1969,-0.14037972688674927
1970,-0.11424016207456589
1971,-0.12228754907846451
1972,-0.12228754907846451
1973,-0.148357093334198
1974,-0.14375874400138855
1975,-0.1337016522884369
1976,-0.1337016522884369
1977,-0.1359500139951706
1978,-0.08127207309007645
1979,-0.0805530771613121
1980,-0.0805530771613121
1981,-0.0689343586564064
1982,-0.0598570890724659
1983,-0.034698016941547394
1984,-0.034698016941547394
1985,-0.021836930885910988
1986,-0.029212232679128647
1987,-0.03347821906208992
1988,-0.03347821906208992
1989,-0.06364433467388153
1990,-0.08469846099615097
1991,-0.08692670613527298
1992,-0.08692670613527298
1993,-0.09159548580646515
1994,-0.07518782466650009
1995,-0.06344684213399887
1996,-0.06344684213399887
1997,-0.059114839881658554
1998,-0.09662536531686783
1999,-0.0753864273428917
2000,-0.0753864273428917
2001,-0.047533176839351654
2002,-0.055616144090890884
2003,-0.07775568217039108
2004,-0.07775568217039108
2005,-0.12888506054878235
2006,-0.1261262148618698
2007,-0.09242090582847595
2008,-0.09242090582847595
2009,-0.10678160190582275
2010,-0.1519092619419098
2011,-0.1817636787891388
2012,-0.1817636787891388
2013,-0.17355342209339142
2014,-0.10833209753036499
2015,-0.044376619160175323
2016,-0.02597736194729805
2017,-0.02597736194729805
2018,-0.06979518383741379
2019,-0.07954242080450058
2020,-0.12039482593536377
2021,-0.12039482593536377
2022,-0.12339720875024796
2023,-0.12404411286115646
2024,-0.12153133749961853
2025,-0.12153133749961853
2026,-0.11003673076629639
2027,-0.11390389502048492
2028,-0.13640859723091125
2029,-0.13640859723091125
2030,-0.13564978539943695
2031,-0.09267623722553253
2032,-0.07288256287574768
2033,-0.07288256287574768
2034,-0.07240557670593262
2035,-0.053678229451179504
2036,-0.030175261199474335
2037,-0.030175261199474335
2038,-0.021910063922405243
2039,-0.03773605450987816
2040,-0.03797370195388794
2041,-0.03797370195388794
2042,-0.043148282915353775
2043,-0.05450072139501572
2044,-0.06371939927339554
2045,-0.06371939927339554
2046,-0.07255645096302032
2047,-0.06799603998661041
2048,-0.06766148656606674
2049,-0.06766148656606674
2050,-0.0921253114938736
2051,-0.12486938387155533
2052,-0.11479512602090836
2053,-0.11479512602090836
2054,-0.09488910436630249
2055,-0.06718488037586212
2056,-0.07068534940481186
2057,-0.07068534940481186
2058,-0.11709322035312653
2059,-0.13857530057430267
2060,-0.14493674039840698
2061,-0.14493674039840698
2062,-0.12797248363494873
2063,-0.15132521092891693
2064,-0.15109413862228394
2065,-0.15109413862228394
2066,-0.1336832046508789
2067,-0.1568165272474289
2068,-0.13791701197624207
2069,-0.08995761722326279
2070,-0.08225739747285843
2071,-0.08225739747285843
2072,-0.041637130081653595
2073,-0.06817970424890518
2074,-0.0970127284526825
2075,-0.0970127284526825
2076,-0.10477596521377563
2077,-0.13672038912773132
2078,-0.12476424127817154
2079,-0.12476424127817154
2080,-0.1297515332698822
2081,-0.14438728988170624
2082,-0.1529342383146286
2083,-0.1529342383146286
2084,-0.12685520946979523
2085,-0.09513170272111893
2086,-0.06135260686278343
2087,-0.06135260686278343
2088,-0.07315361499786377
2089,-0.0786685049533844
2090,-0.05054440349340439
2091,-0.05054440349340439
2092,-0.034456826746463776
2093,-0.04104389250278473
2094,-0.04841979593038559
2095,-0.04841979593038559
2096,-0.04249788448214531
2097,-0.07346001267433167
2098,-0.11596620827913284
2099,-0.11596620827913284
2100,-0.1218101754784584
2101,-0.10383499413728714
2102,-0.09866758435964584
2103,-0.09866758435964584
2104,-0.09342466294765472
2105,-0.08583581447601318
2106,-0.09567530453205109
2107,-0.09567530453205109
2108,-0.09211255609989166
2109,-0.11509501188993454
2110,-0.15526044368743896
2111,-0.15526044368743896
2112,-0.1601756364107132
2113,-0.15695852041244507
2114,-0.16163644194602966
2115,-0.16163644194602966
2116,-0.18355752527713776
2117,-0.14620162546634674
2118,-0.0959528386592865
2119,-0.0959528386592865
2120,-0.13003161549568176
2121,-0.13003161549568176
2122,-0.13384300470352173
2123,-0.13182146847248077
2124,-0.13583366572856903
2125,-0.13583366572856903
2126,-0.08530411124229431
2127,-0.08166457712650299
2128,-0.08602933585643768
2129,-0.08602933585643768
2130,-0.09175612777471542
2131,-0.09201960265636444
2132,-0.09994805604219437
2133,-0.09994805604219437
2134,-0.12657158076763153
2135,-0.13621431589126587
2136,-0.1337379366159439
2137,-0.1337379366159439
2138,-0.11850579082965851
2139,-0.07852282375097275
2140,-0.06569032371044159
2141,-0.06569032371044159
2142,-0.10071784257888794
2143,-0.08779104799032211
2144,-0.03735420107841492
2145,-0.03735420107841492
2146,-0.042455095797777176
2147,-0.06206348538398743
2148,-0.07395898550748825
2149,-0.07395898550748825
2150,-0.08131101727485657
2151,-0.0742417573928833
2152,-0.09631023555994034
2153,-0.09631023555994034
2154,-0.11795288324356079
2155,-0.11285364627838135
2156,-0.10800910741090775
2157,-0.10800910741090775
2158,-0.0899166688323021
2159,-0.10548089444637299
2160,-0.12454958260059357
2161,-0.12454958260059357
2162,-0.13215653598308563
2163,-0.14510288834571838
2164,-0.14317919313907623
2165,-0.14317919313907623
2166,-0.13441114127635956
2167,-0.13130368292331696
2168,-0.14122287929058075
2169,-0.14122287929058075
2170,-0.14867638051509857
2171,-0.12394491583108902
2172,-0.11800144612789154
2173,-0.009019294753670692
2174,-0.02389039844274521
2175,-0.02389039844274521
2176,-0.10607197135686874
2177,-0.1251387894153595
2178,-0.15764397382736206
2179,-0.15764397382736206
2180,-0.13100896775722504
2181,-0.11054341495037079
2182,-0.1148299127817154
2183,-0.1148299127817154
2184,-0.1068895161151886
2185,-0.1099669486284256
2186,-0.11866041272878647
2187,-0.11866041272878647
2188,-0.13069657981395721
2189,-0.13634629547595978
2190,-0.12048302590847015
2191,-0.12048302590847015
2192,-0.09027978032827377
2193,-0.060437239706516266
2194,-0.06826721876859665
2195,-0.06826721876859665
2196,-0.08440294861793518
2197,-0.09168414026498795
2198,-0.10434950143098831
2199,-0.10434950143098831
2200,-0.08842767775058746
2201,-0.08407964557409286
2202,-0.08168859779834747
2203,-0.08168859779834747
2204,-0.07452104240655899
2205,-0.08622797578573227
2206,-0.07173572480678558
2207,-0.07173572480678558
2208,-0.07496468722820282
2209,-0.07098999619483948
2210,-0.0751006156206131
2211,-0.0751006156206131
2212,-0.1148320809006691
2213,-0.14780595898628235
2214,-0.15293380618095398
2215,-0.15293380618095398
2216,-0.1357916295528412
2217,-0.14340093731880188
2218,-0.1332440823316574
2219,-0.1332440823316574
2220,-0.14293605089187622
2221,-0.13576602935791016
2222,-0.10322762280702591
2223,-0.10322762280702591
2224,-0.12726886570453644
2225,-0.15167181193828583
2226,0.008563704788684845
2227,0.00950599368661642
2228,-0.02906305529177189
2229,-0.02906305529177189
2230,-0.0658414289355278
2231,-0.12036735564470291
2232,-0.14521946012973785
2233,-0.14521946012973785
2234,-0.1406410038471222
2235,-0.14226709306240082
2236,-0.13737046718597412
2237,-0.13737046718597412
2238,-0.1338571012020111
2239,-0.12886479496955872
2240,-0.1290736198425293
2241,-0.1290736198425293
2242,-0.13498179614543915
2243,-0.1162724643945694
2244,-0.09769834578037262
2245,-0.09769834578037262
2246,-0.075499527156353
2247,-0.0827859416604042
2248,-0.12134665250778198
2249,-0.12134665250778198
2250,-0.12400177866220474
2251,-0.12959563732147217
2252,-0.11437823623418808
2253,-0.11437823623418808
2254,-0.09504297375679016
2255,-0.11003576219081879
2256,-0.09386707842350006
2257,-0.09386707842350006
2258,-0.0837211012840271
2259,-0.08676817268133163
2260,-0.08775442093610764
2261,-0.08775442093610764
2262,-0.10846973210573196
2263,-0.13728389143943787
2264,-0.14100846648216248
2265,-0.14100846648216248
2266,-0.15520520508289337
2267,-0.1785028576850891
2268,-0.16408734023571014
2269,-0.16408734023571014
2270,-0.12267763167619705
2271,-0.12013604491949081
2272,-0.11135146021842957
2273,-0.11135146021842957
2274,-0.10066983103752136
2275,-0.10103636234998703
2276,-0.10820768773555756
2277,-0.10820768773555756
2278,-0.13788947463035583
2279,0.02662382833659649
2280,-0.004560399800539017
2281,-0.09713555127382278
2282,-0.09713555127382278
2283,-0.12141496688127518
2284,-0.04824214056134224
2285,-0.03595752269029617
2286,-0.03595752269029617
2287,-0.09828147292137146
2288,-0.14875388145446777
2289,-0.13866089284420013
2290,-0.13866089284420013
2291,-0.12975077331066132
2292,-0.12840813398361206
2293,-0.12866158783435822
2294,-0.12866158783435822
2295,-0.1556863933801651
2296,-0.13484877347946167
2297,-0.09903021156787872
2298,-0.09903021156787872
2299,-0.06795696169137955
2300,-0.09597761929035187
2301,-0.1376236379146576
2302,-0.1376236379146576
2303,-0.15995974838733673
2304,-0.1571791023015976
2305,-0.1595371514558792
2306,-0.1595371514558792
2307,-0.1313466578722
2308,-0.126205176115036
2309,-0.1145932599902153
2310,-0.1145932599902153
2311,-0.09180451929569244
2312,-0.07265370339155197
2313,-0.0988113284111023
2314,-0.0988113284111023
2315,-0.11795427650213242
2316,-0.11162351071834564
2317,-0.12226438522338867
2318,-0.12226438522338867
2319,-0.11555624008178711
2320,-0.1418924182653427
2321,-0.1474810242652893
2322,-0.1474810242652893
2323,-0.12570524215698242
2324,-0.09704743325710297
2325,-0.10308895260095596
2326,-0.10308895260095596
2327,-0.1152520626783371
2328,-0.12454944103956223
2329,-0.1553548127412796
2330,-0.1553548127412796
2331,-0.16621610522270203
2332,0.039852287620306015
2333,0.017242833971977234
2334,-0.08523199707269669
2335,-0.106173574924469
2336,-0.106173574924469
2337,-0.06078317016363144
2338,-0.02305043861269951
2339,0.0026795309968292713
2340,0.0026795309968292713
2341,-0.05347753316164017
2342,-0.10907459259033203
2343,-0.12000760436058044
2344,-0.12000760436058044
2345,-0.14621737599372864
2346,-0.13909359276294708
2347,-0.15674170851707458
2348,-0.15674170851707458
2349,-0.13537059724330902
2350,-0.11851020902395248
2351,-0.09985923022031784
2352,-0.09985923022031784
2353,-0.09549205005168915
2354,-0.12508541345596313
2355,-0.14876596629619598
2356,-0.14876596629619598
2357,-0.13288545608520508
2358,-0.1409522145986557
2359,-0.1596098691225052
2360,-0.1596098691225052
2361,-0.12891170382499695
2362,-0.10203017294406891
2363,-0.10603076219558716
2364,-0.10603076219558716
2365,-0.1070399209856987
2366,-0.1006084680557251
2367,-0.1001073345541954
2368,-0.1001073345541954
2369,-0.1120045855641365
2370,-0.11080038547515869
2371,-0.10132109373807907
2372,-0.10132109373807907
2373,-0.127293199300766
2374,-0.1481572836637497
2375,-0.1022469624876976
2376,-0.1022469624876976
2377,-0.06065058335661888
2378,-0.06484631448984146
2379,-0.12370842695236206
2380,-0.12370842695236206
2381,-0.15937596559524536
2382,-0.15732082724571228
2383,-0.15683497488498688
2384,-0.15683497488498688
2385,-0.0016727647744119167
2386,-0.0016727647744119167
2387,0.035040706396102905
2388,0.038134656846523285
2389,-0.008783921599388123
2390,-0.008783921599388123
2391,-0.0637873113155365
2392,-0.050640400499105453
2393,-0.010338758118450642
2394,-0.010338758118450642
2395,-0.039788518100976944
2396,-0.09217027574777603
2397,-0.12295284122228622
2398,-0.12295284122228622
2399,-0.13155196607112885
2400,-0.12424370646476746
2401,-0.1129019483923912
2402,-0.1129019483923912
2403,-0.12705518305301666
2404,-0.11020159721374512
2405,-0.09442467987537384
2406,-0.09442467987537384
2407,-0.09472845494747162
2408,-0.10513941198587418
2409,-0.11620964854955673
2410,-0.11620964854955673
2411,-0.1277008205652237
2412,-0.11388589441776276
2413,-0.10142374783754349
2414,-0.10142374783754349
2415,-0.11067482084035873
2416,-0.11445575952529907
2417,-0.12005964666604996
2418,-0.12005964666604996
2419,-0.12165684998035431
2420,-0.1175651103258133
2421,-0.09779367595911026
2422,-0.09779367595911026
2423,-0.10924900323152542
2424,-0.11493420600891113
2425,-0.13325095176696777
2426,-0.13325095176696777
2427,-0.1457517147064209
2428,-0.12718980014324188
2429,-0.05500408634543419
2430,-0.05500408634543419
2431,-0.021720951423048973
2432,-0.07256989926099777
2433,-0.12354228645563126
2434,-0.12354228645563126
2435,-0.1532197743654251
2436,-0.15350310504436493
2437,-0.13202275335788727
2438,-0.09044575691223145
2439,-0.05374074727296829
2440,-0.05374074727296829
2441,-0.013021844439208508
2442,-0.00603874959051609
2443,-0.03234009072184563
2444,-0.03234009072184563
2445,-0.043519072234630585
2446,-0.0033099662978202105
2447,0.02210722491145134
2448,0.02210722491145134
2449,-0.03323550149798393
2450,-0.09104526787996292
2451,-0.0934838205575943
2452,-0.0934838205575943
2453,-0.07804214209318161
2454,-0.08637593686580658
2455,-0.08989379554986954
2456,-0.08989379554986954
2457,-0.09318216145038605
2458,-0.10631758719682693
2459,-0.1018231138586998
2460,-0.1018231138586998
2461,-0.09930558502674103
2462,-0.10536136478185654
2463,-0.10701935738325119
2464,-0.10701935738325119
2465,-0.09943059831857681
2466,-0.09973714500665665
2467,-0.10003354400396347
2468,-0.10003354400396347
2469,-0.09642300754785538
2470,-0.12197737395763397
2471,-0.148644357919693
2472,-0.148644357919693
2473,-0.14205113053321838
2474,-0.14593873918056488
2475,-0.14764730632305145
2476,-0.14764730632305145
2477,-0.14173616468906403
2478,-0.14902864396572113
2479,-0.13678494095802307
2480,-0.13678494095802307
2481,-0.10858365893363953
2482,-0.07304072380065918
2483,-0.058668673038482666
2484,-0.058668673038482666
2485,-0.05672147870063782
2486,-0.07731793820858002
2487,-0.11949967592954636
2488,-0.11949967592954636
2489,-0.15336959064006805
2490,-0.1672188639640808
