city,Tr_day3,Tr_night3
Guangzhou,35.64993906590203,26.60118717739877
Los Angeles,47.8642000404217,22.105507945541902
New York,36.11174425224028,22.10838291294315
Tokyo,37.10925281394909,23.38989513642836
Jakarta,38.439099707758075,24.779612201855624
Chicago,35.719554328173096,22.61069236104189
Dallas,41.39114424635389,27.6318133841833
Houston,39.11148264783874,26.115950543435375
Shanghai,36.38754332232142,25.612367704868905
Dhaka,31.32762568208769,24.2997755402967
Osaka [Kyoto],36.63976417063814,23.39137253495177
Miami,38.65101170560011,25.556348375174846
Kolkata,33.29497350870069,25.448001799486423
Nagoya,36.11064806059729,22.641522773628086
Bangkok,38.54999732197818,27.420700124405577
Detroit,36.11113350419629,21.861131231154136
Comilla,30.948911381009925,24.19766824856318
Delhi [New Delhi],40.85746221926342,27.153512162474446
Jieyang,35.695284427446225,25.83925621038801
Seoul,32.60681400379191,21.361406247720616
Phoenix,54.6418047793588,30.380696493809427
Beijing,37.111148121244376,23.63266396607543
Mexico City,39.884389727723274,17.11432223597463
Quezon City [Manila],41.06924205077334,26.33203795126903
Toronto,34.885759237048134,20.096369259126025
São Paulo,37.85929138159682,21.444897359411218
Buenos Aires,34.883460835098006,22.3029016517352
Suzhou,34.64348713994406,25.387557063252952
Seattle,33.624179121222696,17.611700584153166
Moscow,31.728366550237954,18.364503554758283
London,31.606739381135924,15.36281117147691
Tijuana,45.11513327153926,20.43309307372891
Surabaya,40.812456134010986,25.560930210771932
Johannesburg,37.1354346772724,18.056428209512784
Paris,34.612306889392315,17.862654592207186
Melbourne,36.854220943699914,16.882547711654034
Cairo,43.85179399816598,27.658578650404134
Yogyakarta,36.815178361079404,23.460621365974895
Washington D.C.,35.36051271522435,22.885723356657824
Philadelphia,35.14110926512732,22.13743894844602
Ho Chi Minh City,39.66830463396256,25.39927936408329
Tehran,45.827618952621044,25.36284883546295
Rio de Janeiro,39.09485750296337,26.176980664311113
Denver,42.31773483392451,19.881714288368673
Sydney,38.386102442186626,19.67866769356571
Istanbul,38.614151673754584,22.86459602361538
Kuala Lumpur,39.94242777777781,26.780428404928433
Chengdu,36.13842835497838,24.360857543392306
Dortmund,32.60753272120151,16.386474681474635
Minneapolis [Saint Paul],34.76615455153216,21.86219756378125
Lagos,35.54826050420171,24.95324662240497
Atlanta,35.86148690765022,23.631529655929512
Colombo,34.169210788607565,24.45001361560415
Hanoi,34.28715384615387,24.825916397753115
Quanzhou,36.604665906921966,26.1318064265877
Montreal,35.227274858536276,19.361261584691793
Mumbai,44.59336892101388,27.067970802597234
Indianapolis,35.359484145055866,22.61235921357657
Kansas City,36.38343215101159,24.88522060754347
Riyadh,48.86350266370519,32.42023809523812
New Taipei [Taipei],36.92742040187069,25.840683567012064
Bandung,35.821486601658236,21.343193398628323
Orlando,37.382882065737896,24.17652591981864
Lahore,39.36117217249268,26.861934019103387
Cleveland,34.14667987823568,21.361862246482357
Portland,38.10647764516272,19.882413557468652
Chennai,41.05261799431907,28.178517960104305
Boston,34.383503106529886,20.13467342649354
St. Louis,37.1135293784663,24.862166510777552
Naples,40.365222231090065,23.361770078630595
Singapore,38.169768065268094,26.853021164021182
Las Vegas,52.357089065475456,29.615060792661165
Lima,43.35180161474526,21.82382371644658
San Antonio,41.859654373640296,26.863447206151452
Hyderabad,43.34686139089195,27.943842731659135
Columbus,36.13311164623182,22.363036731098674
Accra,37.83185770137599,25.678253337936653
Wuhan,35.606935409457925,26.141971358585355
Bradenton,36.14313372170834,24.05490696733407
Sacramento,44.116462082242016,22.864527343296462
Chattogram,31.818110949028306,23.80319036008981
Baghdad,51.11494045020388,32.36686037497359
Onitsha,33.789696324837024,23.679406273620593
Madrid,45.33540025576729,23.864375411846012
Milwaukee,34.18183691990734,21.113158761500657
Luanda,41.66062306754395,23.854861660079077
Perth,40.387658834966,21.363078820137968
Dubai,50.35400955450191,30.444192814076562
Milan,37.632124920612775,23.38452651894609
Karachi,44.86348646453224,27.241090686274532
Khartoum,50.35308351980929,30.9238367222004
Semarang,38.18400264550269,25.033172789115667
Durban,33.83774618412435,21.304854464285743
Baltimore,35.61471343839117,22.634817435720162
Medan,37.959200000000024,25.416722222222244
Algiers,38.63371543737063,22.93490934874455
Kochi,33.42232869313027,25.144977678571465
Santiago,42.86153687730804,18.883380816262942
Vancouver,35.33392587905114,18.112969667257328
Tianjin,36.86055886698129,23.380619800748264
Cape Town,39.611326536597836,19.442148767286092
Noakhali,31.08532460136676,24.443715020048185
Berlin,33.360297780020716,17.859174126708634
Wenzhou,35.11004675770855,24.17488897279136
Manchester,28.888983356979185,13.337358980673637
Birmingham,30.386646702176144,13.881492244732721
Monterrey,43.86224079633137,27.86256399026379
Louisville,36.13642776507693,23.383954199030164
Virginia Beach,36.38306257472234,23.86230789053651
Dar es Salaam,40.2966989360754,24.055244558831653
Rotterdam [The Hague],30.86185168995428,16.113152091350276
Cincinnati,35.61266121188994,23.1111027879422
Pune,44.15813388292736,25.445140499972048
Takasaki [Maebashi],36.10042233896732,18.89464465788796
Nanjing,33.85593155792212,22.91445526695529
Tegal,39.549990281737266,25.209410687351895
Bengaluru,38.95523301396024,25.046939686130898
Xi'an,38.38758195978558,25.88776566702221
Kollam,32.92895577827973,25.096291355389567
Austin,40.85606298174419,26.86255795842287
Changzhou,35.60299470899474,24.61492171717175
Zhengzhou,36.88664587260163,24.611493124522568
Qingdao,35.362368325638926,21.860969518999866
Alexandria,36.604733540438055,24.84483556368832
Guadalajara,44.11380048692568,21.175094934164484
Belo Horizonte,36.45054389387257,22.44349939145087
Katowice,32.72771742613492,17.134299653051187
Sirajganj,31.790937256121317,23.767000000000042
Shijiazhuang,37.36032230304566,23.612591575133962
Cologne,32.63659545805505,17.61222011020664
Ningbo,36.606788625203514,24.111368480725655
Hefei,34.84921969696972,24.387655241583836
Cixi,36.39817115561332,24.63961038961042
Brahmanbaria,30.448408958642617,24.05008014712387
Shenyang,35.13710996240605,21.364044140495228
Amman,46.11126488625032,24.114795256663164
Bogota,32.56540339589608,12.861977251274212
Jeddah,49.91244645690364,30.82967640320883
Ciudad Juárez,49.632968048530515,25.616080406367967
Tasikmalaya,31.8033341199918,21.90966406150855
Jinan,33.385148825742476,21.390185570484903
Salt Lake City,43.71921881260826,22.11254679388845
Kampala,33.43388888888892,21.290743083003978
Saint Petersburg,30.73183160912427,16.13303330396405
Yangon,41.40160318776218,26.176934288829486
Guruvayur,34.42237679828592,24.81944620504053
Kyiv,34.33134221547079,20.360112187377368
Santo Domingo,35.800293630547394,24.679693821448247
Amaigbo,32.20400565064739,23.084423076923112
Adelaide,40.63293903196909,19.557393162393193
Tashkent,43.28233452430697,24.380223548654826
Edmonton,34.174117647058864,15.764529608448754
Rome,40.63233712232284,24.116473105588263
Pittsburgh,34.36050048344302,21.61366502426241
Kozhikode,33.547546968363974,24.704625559625594
Tel Aviv,42.88352536779164,26.10340307988885
Recife,36.44948863636366,25.068721256369457
Ibadan,36.9242158730159,24.805648578969784
Kuwait City,51.112001958357304,34.12772885056481
Bogura,30.19867960023519,23.45868480725626
Goiânia,40.443468636029934,22.944208472176303
Linyi,33.13659788359792,21.13704510043949
Pati,39.062031671103114,24.956705070614454
Calgary,34.26521126849361,16.26420727993667
Harbin,33.73395360581518,19.112882822830848
Zibo,35.30777777777781,21.867357931359763
Albuquerque,48.308511022861744,22.114991223553577
Lisbon,36.63190282980619,19.378730202798085
Athens,40.86431015318674,26.366875438755425
Budapest,36.13224757155883,20.86170753497713
Havana,37.332078421578444,24.931114831114865
Buffalo,35.3508048567175,20.363500202526254
Abidjan,36.20805555555558,24.27600000000003
Kumasi,34.04052380952385,22.451411275302682
San José,38.18101811768482,20.412603751803776
Tripoli,43.133160846560884,25.615207681031045
Warsaw,32.888544284157334,17.614456002413412
Tunis,41.109724869597166,24.808750000000018
Concord,40.38104370447323,18.63904564278409
Changchun,34.23550435586105,19.883978576555506
Tucson,51.61522256792813,27.614240019518856
Omaha,36.860592175472384,24.112654585667325
Faisalabad,41.885757922338186,28.115188782585474
Providence,34.110366990695695,19.86445094120969
Kano,40.833777777777804,21.934444444444473
Casablanca,39.364370825027315,21.38464676616918
Vienna,34.689351507882144,19.92651428571431
Allentown,34.1110324185327,19.636828885400348
Copenhagen,30.631971954694748,15.613792211811239
Sapporo,35.38160935143291,17.337467000835446
Doha,47.610738179504374,31.615105733265562
Brick,34.11082051429816,21.383349134827885
Yantai,32.609664382593465,20.38005573674694
Tangshan,34.86190369676369,20.885272498080166
Munich,32.88753636403647,17.609618470418503
Bridgeport,33.11192516698995,20.134190704725004
Donetsk,36.733929807813574,21.111562547900174
Helsinki,28.857639550729374,15.617824646565413
Daegu,33.60878744712081,21.38928907879464
Dayton,35.382158453555625,22.613202855059612
